IP,Port,Status
38.207.177.236,80,Detected
http://124.70.186.158:9981/
http://124.70.186.158:9981/api/v1/client/subscribe
http://124.70.186.158:9981/client/subscribe
http://124.70.186.158:9981
http://124.70.186.158:9981/sub.yaml
http://124.70.186.158:9981/api/sub
http://124.70.186.158:9981/subscribe
http://124.70.186.158:9981/config.yaml
http://124.70.186.158:9981/s/
http://124.70.186.158:9981/api/user/subscribe
http://124.70.186.158:9981/link
http://124.70.186.158:9981/sub
https://198.200.49.114:443
https://198.200.49.114:443/sub
https://198.200.49.114:443/subscribe
https://198.200.49.114:443/
http://198.200.49.114:80/subscribe
http://198.200.49.114:80/
http://198.200.49.114:80/sub.yaml
http://198.200.49.114:80/sub
http://198.200.49.114:80
https://198.200.49.114:443/sub.yaml
