hash,count,urls
68490487fefd,2,38.207.167.189:80/config.yaml|38.207.167.189:80/config.yaml
f325b5c0274c,2,38.207.167.189:443/config.yaml|38.207.167.189:443/config.yaml
0091c284b1b7,2,38.207.130.60:443/clash|38.207.130.60:443/clash
003f7f6e007e,4,38.207.177.236:80/sub|38.207.177.236:80/|38.207.177.236:80/sub|38.207.177.236:80/
<<<<<<< Updated upstream
770ed1794565,http://38.207.177.251:80/clash,nginx/1.18.0 (Ubuntu),text/plain; charset=utf-8
003f7f6e007e,http://38.207.177.236:80/sub,BaseHTTP/0.6 Python/3.10.12,text/yaml; charset=utf-8
003f7f6e007e,http://38.207.177.236:80/,BaseHTTP/0.6 Python/3.10.12,text/yaml; charset=utf-8
770ed1794565,http://38.207.177.251:80/clash,nginx/1.18.0 (Ubuntu),text/plain; charset=utf-8
003f7f6e007e,http://38.207.177.236:80/sub,BaseHTTP/0.6 Python/3.10.12,text/yaml; charset=utf-8
003f7f6e007e,http://38.207.177.236:80/,BaseHTTP/0.6 Python/3.10.12,text/yaml; charset=utf-8
=======
02c332a301c5,http://38.207.177.251:80/clash
68490487fefd,http://38.207.167.189:80/config.yaml
f325b5c0274c,https://38.207.167.189:443/config.yaml
003f7f6e007e,http://38.207.177.236:80/sub
003f7f6e007e,http://38.207.177.236:80/
f325b5c0274c,https://38.207.167.189:443/config.yaml
2bf22245bcf9,http://38.207.167.189:80/config.yaml
02c332a301c5,http://38.207.177.251:80/clash
003f7f6e007e,http://38.207.177.236:80/sub
003f7f6e007e,http://38.207.177.236:80/
>>>>>>> Stashed changes
770ed1794565,http://38.207.177.251:80/clash,nginx/1.18.0 (Ubuntu),text/plain; charset=utf-8
003f7f6e007e,http://38.207.177.236:80/sub,BaseHTTP/0.6 Python/3.10.12,text/yaml; charset=utf-8
003f7f6e007e,http://38.207.177.236:80/,BaseHTTP/0.6 Python/3.10.12,text/yaml; charset=utf-8
d78a6a3be4c5,http://159.223.157.129:8080/,SimpleHTTP/0.6 Python/3.12.3,application/yaml
33f2863c87ef,http://209.54.107.157:80/subscribe,BaseHTTP/0.6 Python/3.12.3,text/plain; charset=utf-8
33f2863c87ef,http://209.54.107.157:80/sub,BaseHTTP/0.6 Python/3.12.3,text/plain; charset=utf-8
0231b672dcf4,http://209.54.107.157:80/clash,BaseHTTP/0.6 Python/3.12.3,text/plain; charset=utf-8
1e3e56bc7dff,http://49.51.233.150:80/clash,nginx/1.18.0 (Ubuntu),text/plain; charset=utf-8
1e3e56bc7dff,http://49.51.233.150:80/subscribe,nginx/1.18.0 (Ubuntu),text/plain; charset=utf-8
1e3e56bc7dff,http://49.51.233.150:80/,nginx/1.18.0 (Ubuntu),text/plain; charset=utf-8
1e3e56bc7dff,http://49.51.233.150:80/getsub,nginx/1.18.0 (Ubuntu),text/plain; charset=utf-8
1e3e56bc7dff,http://49.51.233.150:80/link,nginx/1.18.0 (Ubuntu),text/plain; charset=utf-8
1e3e56bc7dff,http://49.51.233.150:80/sub,nginx/1.18.0 (Ubuntu),text/plain; charset=utf-8
1e3e56bc7dff,http://49.51.233.150:80/config,nginx/1.18.0 (Ubuntu),text/plain; charset=utf-8
1e3e56bc7dff,http://49.51.233.150:80/api/sub,nginx/1.18.0 (Ubuntu),text/plain; charset=utf-8
1e3e56bc7dff,http://49.51.233.150:80/config.yaml,nginx/1.18.0 (Ubuntu),text/plain; charset=utf-8
1e3e56bc7dff,http://49.51.233.150:80/sub.yaml,nginx/1.18.0 (Ubuntu),text/plain; charset=utf-8
b1d8bd763410,http://104.225.237.87:8080/,BaseHTTP/0.6 Python/3.14.5,text/yaml; charset=utf-8
b1d8bd763410,http://104.225.237.87:8080/config.yaml,BaseHTTP/0.6 Python/3.14.5,text/yaml; charset=utf-8
b1d8bd763410,http://104.225.237.87:8080/sub,BaseHTTP/0.6 Python/3.14.5,text/yaml; charset=utf-8
83da43294ae4,http://159.54.181.175:80/,nginx/1.24.0 (Ubuntu),text/plain
1e3e56bc7dff,http://49.51.233.150:80/subscription,nginx/1.18.0 (Ubuntu),text/plain; charset=utf-8
1e3e56bc7dff,http://49.51.233.150:80/client/subscribe,nginx/1.18.0 (Ubuntu),text/plain; charset=utf-8
0231b672dcf4,http://209.54.107.157:80/,BaseHTTP/0.6 Python/3.12.3,text/plain; charset=utf-8
153ceb1f71ff,https://66.154.102.59:443/subscribe,nginx/1.18.0 (Ubuntu),text/yaml; charset=utf-8
a157a4c636f6,http://45.32.40.174:80/,nginx/1.18.0 (Ubuntu),text/plain
a157a4c636f6,http://45.32.40.174:80/config.yaml,nginx/1.18.0 (Ubuntu),text/plain
73a27e5e959e,http://45.32.248.50:8080/,nginx/1.22.1,text/plain
31c60098938f,http://43.133.213.77:8080/clash,BaseHTTP/0.6 Python/3.12.3,text/yaml; charset=utf-8
31c60098938f,http://43.133.213.77:8080/,BaseHTTP/0.6 Python/3.12.3,text/yaml; charset=utf-8
31c60098938f,http://43.133.213.77:8080/sub,BaseHTTP/0.6 Python/3.12.3,text/yaml; charset=utf-8
15ccfc52531d,http://103.110.221.73:8888/config.yaml,Microsoft-HTTPAPI/2.0,text/yaml; charset=utf-8
5209fdf4f94d,http://116.206.93.198:8089/,BaseHTTP/0.6 Python/3.10.12,text/yaml; charset=utf-8
15ccfc52531d,http://103.110.221.73:8888/sub.yaml,Microsoft-HTTPAPI/2.0,text/yaml; charset=utf-8
15ccfc52531d,http://103.110.221.73:8888/sub,Microsoft-HTTPAPI/2.0,text/yaml; charset=utf-8
15ccfc52531d,http://103.110.221.73:8888/link,Microsoft-HTTPAPI/2.0,text/yaml; charset=utf-8
15ccfc52531d,http://103.110.221.73:8888/api/sub,Microsoft-HTTPAPI/2.0,text/yaml; charset=utf-8
15ccfc52531d,http://103.110.221.73:8888/subscribe,Microsoft-HTTPAPI/2.0,text/yaml; charset=utf-8
6a833055718d,http://43.108.22.136:9999/link,nginx/1.24.0 (Ubuntu),text/plain
6a833055718d,http://43.108.22.136:9999/,nginx/1.24.0 (Ubuntu),text/plain
6a833055718d,http://43.108.22.136:9999/clash,nginx/1.24.0 (Ubuntu),text/plain
6a833055718d,http://43.108.22.136:9999/sub.yaml,nginx/1.24.0 (Ubuntu),text/plain
6a833055718d,http://43.108.22.136:9999/getsub,nginx/1.24.0 (Ubuntu),text/plain
6a833055718d,http://43.108.22.136:9999/api/sub,nginx/1.24.0 (Ubuntu),text/plain
15ccfc52531d,http://103.110.221.73:8888/clash,Microsoft-HTTPAPI/2.0,text/yaml; charset=utf-8
6a833055718d,http://43.108.22.136:9999/config,nginx/1.24.0 (Ubuntu),text/plain
6a833055718d,http://43.108.22.136:9999/subscribe,nginx/1.24.0 (Ubuntu),text/plain
6a833055718d,http://43.108.22.136:9999/config.yaml,nginx/1.24.0 (Ubuntu),text/plain
6a833055718d,http://43.108.22.136:9999/sub,nginx/1.24.0 (Ubuntu),text/plain
15ccfc52531d,http://103.110.221.73:8888/getsub,Microsoft-HTTPAPI/2.0,text/yaml; charset=utf-8
15ccfc52531d,http://103.110.221.73:8888/,Microsoft-HTTPAPI/2.0,text/yaml; charset=utf-8
15ccfc52531d,http://103.110.221.73:8888/config,Microsoft-HTTPAPI/2.0,text/yaml; charset=utf-8
5afafe8be907,http://149.104.30.114:8443/link,BaseHTTP/0.6 Python/3.12.3,text/plain; charset=utf-8
3390d5b30ca0,http://209.74.81.28:9999/subscribe,SimpleHTTP/0.6 Python/3.12.3,application/x-yaml
5afafe8be907,http://149.104.30.114:8443/api/sub,BaseHTTP/0.6 Python/3.12.3,text/plain; charset=utf-8
3390d5b30ca0,http://209.74.81.28:9999/sub,SimpleHTTP/0.6 Python/3.12.3,application/x-yaml
3390d5b30ca0,http://209.74.81.28:9999/,SimpleHTTP/0.6 Python/3.12.3,application/x-yaml
5afafe8be907,http://149.104.30.114:8443/clash,BaseHTTP/0.6 Python/3.12.3,text/plain; charset=utf-8
3390d5b30ca0,http://209.74.81.28:9999/config,SimpleHTTP/0.6 Python/3.12.3,application/x-yaml
3390d5b30ca0,http://209.74.81.28:9999/clash,SimpleHTTP/0.6 Python/3.12.3,application/x-yaml
5afafe8be907,http://149.104.30.114:8443/sub,BaseHTTP/0.6 Python/3.12.3,text/plain; charset=utf-8
3390d5b30ca0,http://209.74.81.28:9999/sub.yaml,SimpleHTTP/0.6 Python/3.12.3,application/x-yaml
3390d5b30ca0,http://209.74.81.28:9999/config.yaml,SimpleHTTP/0.6 Python/3.12.3,application/x-yaml
5afafe8be907,http://149.104.30.114:8443/subscribe,BaseHTTP/0.6 Python/3.12.3,text/plain; charset=utf-8
3390d5b30ca0,http://209.74.81.28:9999/link,SimpleHTTP/0.6 Python/3.12.3,application/x-yaml
3390d5b30ca0,http://209.74.81.28:9999/getsub,SimpleHTTP/0.6 Python/3.12.3,application/x-yaml
5afafe8be907,http://149.104.30.114:8443/config.yaml,BaseHTTP/0.6 Python/3.12.3,text/plain; charset=utf-8
5afafe8be907,http://149.104.30.114:8443/config,BaseHTTP/0.6 Python/3.12.3,text/plain; charset=utf-8
5afafe8be907,http://149.104.30.114:8443/sub.yaml,BaseHTTP/0.6 Python/3.12.3,text/plain; charset=utf-8
5afafe8be907,http://149.104.30.114:8443/getsub,BaseHTTP/0.6 Python/3.12.3,text/plain; charset=utf-8
153ceb1f71ff,https://66.154.102.59:443/sub,nginx/1.18.0 (Ubuntu),text/yaml; charset=utf-8
3390d5b30ca0,http://209.74.81.28:9999/api/sub,SimpleHTTP/0.6 Python/3.12.3,application/x-yaml
5afafe8be907,http://149.104.30.114:8443/,BaseHTTP/0.6 Python/3.12.3,text/plain; charset=utf-8
153ceb1f71ff,https://66.154.102.59:443/clash,nginx/1.18.0 (Ubuntu),text/yaml; charset=utf-8
cb711c530108,http://123.207.220.143:19999/,BaseHTTP/0.6 Python/3.12.3,text/yaml; charset=utf-8
15ccfc52531d,http://103.110.221.73:8888/subscription,Microsoft-HTTPAPI/2.0,text/yaml; charset=utf-8
cb711c530108,http://123.207.220.143:19999/sub,BaseHTTP/0.6 Python/3.12.3,text/yaml; charset=utf-8
1422453c2f12,http://124.151.45.41:60002/,BaseHTTP/0.6 Python/3.10.12,text/yaml; charset=utf-8
1422453c2f12,http://124.151.45.41:60002/sub,BaseHTTP/0.6 Python/3.10.12,text/yaml; charset=utf-8
153ceb1f71ff,https://66.154.102.59:443/link,nginx/1.18.0 (Ubuntu),text/yaml; charset=utf-8
15ccfc52531d,http://103.110.221.73:8888/sub,Microsoft-HTTPAPI/2.0,text/yaml; charset=utf-8
15ccfc52531d,http://103.110.221.73:8888/client/subscribe,Microsoft-HTTPAPI/2.0,text/yaml; charset=utf-8
15ccfc52531d,http://103.110.221.73:8888/subscribe,Microsoft-HTTPAPI/2.0,text/yaml; charset=utf-8
15ccfc52531d,http://103.110.221.73:8888/link,Microsoft-HTTPAPI/2.0,text/yaml; charset=utf-8
153ceb1f71ff,https://66.154.102.59:443/config.yaml,nginx/1.18.0 (Ubuntu),text/yaml; charset=utf-8
15ccfc52531d,http://103.110.221.73:8888/api/sub,Microsoft-HTTPAPI/2.0,text/yaml; charset=utf-8
15ccfc52531d,http://103.110.221.73:8888/getsub,Microsoft-HTTPAPI/2.0,text/yaml; charset=utf-8
15ccfc52531d,http://103.110.221.73:8888/config,Microsoft-HTTPAPI/2.0,text/yaml; charset=utf-8
15ccfc52531d,http://103.110.221.73:8888/clash,Microsoft-HTTPAPI/2.0,text/yaml; charset=utf-8
15ccfc52531d,http://103.110.221.73:8888/,Microsoft-HTTPAPI/2.0,text/yaml; charset=utf-8
6a833055718d,http://43.108.22.136:9999/subscription,nginx/1.24.0 (Ubuntu),text/plain
6a833055718d,http://43.108.22.136:9999/client/subscribe,nginx/1.24.0 (Ubuntu),text/plain
4a1555637179,http://64.90.14.67:8443/,nginx/1.30.3,text/yaml
153ceb1f71ff,https://66.154.102.59:443/,nginx/1.18.0 (Ubuntu),text/yaml; charset=utf-8
1422453c2f12,http://124.151.45.41:60002/sub.yaml,BaseHTTP/0.6 Python/3.10.12,text/yaml; charset=utf-8
153ceb1f71ff,https://66.154.102.59:443/getsub,nginx/1.18.0 (Ubuntu),text/yaml; charset=utf-8
15ccfc52531d,http://103.110.221.73:8888/client/subscribe,Microsoft-HTTPAPI/2.0,text/yaml; charset=utf-8
15ccfc52531d,http://103.110.221.73:8888/config.yaml,Microsoft-HTTPAPI/2.0,text/yaml; charset=utf-8
0851f699321c,http://13.214.178.3:8080/sub,BaseHTTP/0.6 Python/3.12.3,text/yaml; charset=utf-8
0851f699321c,http://13.214.178.3:8080/config,BaseHTTP/0.6 Python/3.12.3,text/yaml; charset=utf-8
09a161eb3960,http://13.228.5.237:8888/,nginx/1.24.0 (Ubuntu),application/x-yaml
09a161eb3960,http://13.228.5.237:8888/getsub,nginx/1.24.0 (Ubuntu),application/x-yaml
09a161eb3960,http://13.228.5.237:8888/config,nginx/1.24.0 (Ubuntu),application/x-yaml
09a161eb3960,http://13.228.5.237:8888/link,nginx/1.24.0 (Ubuntu),application/x-yaml
09a161eb3960,http://13.228.5.237:8888/sub.yaml,nginx/1.24.0 (Ubuntu),application/x-yaml
09a161eb3960,http://13.228.5.237:8888/subscribe,nginx/1.24.0 (Ubuntu),application/x-yaml
09a161eb3960,http://13.228.5.237:8888/sub,nginx/1.24.0 (Ubuntu),application/x-yaml
0851f699321c,http://13.214.178.3:8080/subscribe,BaseHTTP/0.6 Python/3.12.3,text/yaml; charset=utf-8
0851f699321c,http://13.214.178.3:8080/link,BaseHTTP/0.6 Python/3.12.3,text/yaml; charset=utf-8
0851f699321c,http://13.214.178.3:8080/clash,BaseHTTP/0.6 Python/3.12.3,text/yaml; charset=utf-8
09a161eb3960,http://13.228.5.237:8888/api/sub,nginx/1.24.0 (Ubuntu),application/x-yaml
0851f699321c,http://13.214.178.3:8080/api/sub,BaseHTTP/0.6 Python/3.12.3,text/yaml; charset=utf-8
09a161eb3960,http://13.228.5.237:8888/config.yaml,nginx/1.24.0 (Ubuntu),application/x-yaml
0851f699321c,http://13.214.178.3:8080/,BaseHTTP/0.6 Python/3.12.3,text/yaml; charset=utf-8
09a161eb3960,http://13.228.5.237:8888/clash,nginx/1.24.0 (Ubuntu),application/x-yaml
0851f699321c,http://13.214.178.3:8080/getsub,BaseHTTP/0.6 Python/3.12.3,text/yaml; charset=utf-8
0851f699321c,http://13.214.178.3:8080/config.yaml,BaseHTTP/0.6 Python/3.12.3,text/yaml; charset=utf-8
15ccfc52531d,http://103.110.221.73:8888/sub.yaml,Microsoft-HTTPAPI/2.0,text/yaml; charset=utf-8
15ccfc52531d,http://103.110.221.73:8888/subscription,Microsoft-HTTPAPI/2.0,text/yaml; charset=utf-8
d127cc9eb4a0,http://150.109.240.179:8088/subscribe,BaseHTTP/0.6 Python/3.12.3,text/yaml; charset=utf-8
d127cc9eb4a0,http://150.109.240.179:8088/sub,BaseHTTP/0.6 Python/3.12.3,text/yaml; charset=utf-8
d127cc9eb4a0,http://150.109.240.179:8088/clash,BaseHTTP/0.6 Python/3.12.3,text/yaml; charset=utf-8
5afafe8be907,http://149.104.30.114:8443/getsub,BaseHTTP/0.6 Python/3.12.3,text/plain; charset=utf-8
a153d2cd7abd,http://149.104.30.114:8443/subscription,BaseHTTP/0.6 Python/3.12.3,text/plain; charset=utf-8
5afafe8be907,http://149.104.30.114:8443/api/sub,BaseHTTP/0.6 Python/3.12.3,text/plain; charset=utf-8
5afafe8be907,http://149.104.30.114:8443/config,BaseHTTP/0.6 Python/3.12.3,text/plain; charset=utf-8
5afafe8be907,http://149.104.30.114:8443/link,BaseHTTP/0.6 Python/3.12.3,text/plain; charset=utf-8
5afafe8be907,http://149.104.30.114:8443/client/subscribe,BaseHTTP/0.6 Python/3.12.3,text/plain; charset=utf-8
5afafe8be907,http://149.104.30.114:8443/subscribe,BaseHTTP/0.6 Python/3.12.3,text/plain; charset=utf-8
5afafe8be907,http://149.104.30.114:8443/clash,BaseHTTP/0.6 Python/3.12.3,text/plain; charset=utf-8
5afafe8be907,http://149.104.30.114:8443/sub,BaseHTTP/0.6 Python/3.12.3,text/plain; charset=utf-8
5afafe8be907,http://149.104.30.114:8443/,BaseHTTP/0.6 Python/3.12.3,text/plain; charset=utf-8
153ceb1f71ff,https://66.154.102.59:443/subscription,nginx/1.18.0 (Ubuntu),text/yaml; charset=utf-8
3390d5b30ca0,http://209.74.81.28:9999/client/subscribe,SimpleHTTP/0.6 Python/3.12.3,application/x-yaml
3390d5b30ca0,http://209.74.81.28:9999/subscription,SimpleHTTP/0.6 Python/3.12.3,application/x-yaml
ac3827c6801e,https://149.104.29.83:443/,nginx,text/yaml
ac3827c6801e,https://149.104.29.83:443/sub,nginx,text/yaml
ac3827c6801e,https://149.104.29.83:443/clash,nginx,text/yaml
09a161eb3960,http://13.228.5.237:8888/subscription,nginx/1.24.0 (Ubuntu),application/x-yaml
09a161eb3960,http://13.228.5.237:8888/client/subscribe,nginx/1.24.0 (Ubuntu),application/x-yaml
153ceb1f71ff,https://66.154.102.59:443/client/subscribe,nginx/1.18.0 (Ubuntu),text/yaml; charset=utf-8
153ceb1f71ff,https://66.154.102.59:443/config,nginx/1.18.0 (Ubuntu),text/yaml; charset=utf-8
153ceb1f71ff,https://66.154.102.59:443/api/sub,nginx/1.18.0 (Ubuntu),text/yaml; charset=utf-8
ac3827c6801e,https://149.104.29.83:443/sub,nginx,text/yaml
ac3827c6801e,https://149.104.29.83:443/clash,nginx,text/yaml
ac3827c6801e,https://149.104.29.83:443/,nginx,text/yaml
5afafe8be907,http://149.104.30.114:8443/subscription,BaseHTTP/0.6 Python/3.12.3,text/plain; charset=utf-8
5afafe8be907,http://149.104.30.114:8443/client/subscribe,BaseHTTP/0.6 Python/3.12.3,text/plain; charset=utf-8
0851f699321c,http://13.214.178.3:8080/subscription,BaseHTTP/0.6 Python/3.12.3,text/yaml; charset=utf-8
0851f699321c,http://13.214.178.3:8080/client/subscribe,BaseHTTP/0.6 Python/3.12.3,text/yaml; charset=utf-8
42faac308400,http://150.109.240.179:8088/,BaseHTTP/0.6 Python/3.12.3,text/yaml; charset=utf-8
153ceb1f71ff,https://66.154.102.59:443/sub.yaml,nginx/1.18.0 (Ubuntu),text/yaml; charset=utf-8
0851f699321c,http://13.214.178.3:8080/sub.yaml,BaseHTTP/0.6 Python/3.12.3,text/yaml; charset=utf-8
5afafe8be907,http://149.104.30.114:8443/config.yaml,BaseHTTP/0.6 Python/3.12.3,text/plain; charset=utf-8
6d4c16eae444,https://156.239.227.43:443/,nginx,text/yaml; charset=utf-8
1968fd4b4ae2,http://45.38.210.148:8080/clash,nginx,application/x-yaml
6d4c16eae444,https://156.239.227.43:443/,nginx,text/yaml; charset=utf-8
5ce20ae7efdb,https://154.3.33.205:443/sub,nginx,text/html
5ce20ae7efdb,https://154.3.33.205:443/subscribe,nginx,text/html
5ce20ae7efdb,https://154.3.33.205:443/link,nginx,text/html
5ce20ae7efdb,https://154.3.33.205:443/config,nginx,text/html
5ce20ae7efdb,https://154.3.33.205:443/sub.yaml,nginx,text/html
5ce20ae7efdb,https://154.3.33.205:443/,nginx,text/html
5ce20ae7efdb,https://154.3.33.205:443/getsub,nginx,text/html
5ce20ae7efdb,https://154.3.33.205:443/clash,nginx,text/html
5ce20ae7efdb,https://154.3.33.205:443/config.yaml,nginx,text/html
93e56f5b909e,https://154.3.33.205:443/subscription,nginx,text/html
93e56f5b909e,https://154.3.33.205:443/client/subscribe,nginx,text/html
93e56f5b909e,http://154.3.33.205:80/sub,nginx,text/html
93e56f5b909e,http://154.3.33.205:80/subscribe,nginx,text/html
93e56f5b909e,http://154.3.33.205:80/link,nginx,text/html
93e56f5b909e,http://154.3.33.205:80/getsub,nginx,text/html
93e56f5b909e,http://154.3.33.205:80/config,nginx,text/html
93e56f5b909e,http://154.3.33.205:80/clash,nginx,text/html
93e56f5b909e,http://154.3.33.205:80/,nginx,text/html
93e56f5b909e,http://154.3.33.205:80/sub.yaml,nginx,text/html
93e56f5b909e,http://154.3.33.205:80/client/subscribe,nginx,text/html
93e56f5b909e,http://154.3.33.205:80/subscription,nginx,text/html
93e56f5b909e,http://154.3.33.205:80/config.yaml,nginx,text/html
7294ebc64cea,https://154.3.49.34:443/,Server,text/html; charset=utf-8
7294ebc64cea,http://154.3.49.34:80/,Server,text/html; charset=utf-8
9691b8dfa958,https://43.155.130.212:443/clash,nginx,text/yaml
9691b8dfa958,http://43.155.130.212:80/clash,cloudflare,text/yaml
5cb1ae51d79b,http://43.155.143.32:80/clash,BaseHTTP/0.6 Python/3.10.12,text/yaml; charset=utf-8
5a17aa742290,http://43.155.221.27:80/sub.yaml,nginx,text/plain
e32626bdd63f,http://43.155.239.210:8080/,SimpleHTTP/0.6 Python/3.8.10,text/html
93e56f5b909e,https://154.3.33.205:443/sub,nginx,text/html
93e56f5b909e,https://154.3.33.205:443,nginx,text/html
93e56f5b909e,https://154.3.33.205:443/link,nginx,text/html
93e56f5b909e,https://154.3.33.205:443/subscribe,nginx,text/html
93e56f5b909e,https://154.3.33.205:443/clash,nginx,text/html
93e56f5b909e,https://154.3.33.205:443/config,nginx,text/html
93e56f5b909e,https://154.3.33.205:443/getsub,nginx,text/html
93e56f5b909e,https://154.3.33.205:443/,nginx,text/html
93e56f5b909e,https://154.3.33.205:443/config.yaml,nginx,text/html
93e56f5b909e,https://154.3.33.205:443/sub.yaml,nginx,text/html
93e56f5b909e,http://154.3.33.205:80/link,nginx,text/html
93e56f5b909e,http://154.3.33.205:80,nginx,text/html
93e56f5b909e,http://154.3.33.205:80/subscribe,nginx,text/html
93e56f5b909e,http://154.3.33.205:80/sub,nginx,text/html
93e56f5b909e,https://154.3.33.205:443/client/subscribe,nginx,text/html
93e56f5b909e,http://154.3.33.205:80/config,nginx,text/html
93e56f5b909e,http://154.3.33.205:80/getsub,nginx,text/html
93e56f5b909e,http://154.3.33.205:80/clash,nginx,text/html
93e56f5b909e,https://154.3.33.205:443/subscription,nginx,text/html
93e56f5b909e,http://154.3.33.205:80/client/subscribe,nginx,text/html
93e56f5b909e,http://154.3.33.205:80/,nginx,text/html
93e56f5b909e,http://154.3.33.205:80/config.yaml,nginx,text/html
93e56f5b909e,http://154.3.33.205:80/subscription,nginx,text/html
93e56f5b909e,http://154.3.33.205:80/sub.yaml,nginx,text/html
7294ebc64cea,https://154.3.49.34:443,Server,text/html; charset=utf-8
7294ebc64cea,https://154.3.49.34:443/,Server,text/html; charset=utf-8
7294ebc64cea,http://154.3.49.34:80,Server,text/html; charset=utf-8
7294ebc64cea,http://154.3.49.34:80/,Server,text/html; charset=utf-8
9051fd0b04cf,https://43.155.130.212:443/clash,nginx,text/yaml
2115bafa03e8,http://43.155.130.212:80/clash,cloudflare,text/yaml
5cb1ae51d79b,http://43.155.143.32:80/clash,BaseHTTP/0.6 Python/3.10.12,text/yaml; charset=utf-8
5a17aa742290,http://43.155.221.27:80/sub.yaml,nginx,text/plain
e32626bdd63f,http://43.155.239.210:8080,SimpleHTTP/0.6 Python/3.8.10,text/html
e32626bdd63f,http://43.155.239.210:8080/,SimpleHTTP/0.6 Python/3.8.10,text/html
9d53cc577655,https://104.194.152.197:443,found
db9b408a74a8,https://172.245.126.143:443/config.yaml,found
2fd200130ad1,https://23.94.2.242:443,found
f94dc24d5433,https://104.194.152.197:443/,found
02793cd7d287,http://107.189.18.190:8080/s/,found
f613af0bbc59,https://38.207.175.180:8443/sub,found
1d5ebbba5df6,http://110.9.166.167:28080/,found
13da723283e6,http://116.206.93.198:8089,found
aa39afe06b4d,http://121.237.180.130:1333,found
dc84b34bae04,http://121.237.180.130:1333/,found
b3ff5fe3690c,http://124.151.45.41:60002,found
5bd8405fa4fa,http://124.221.122.20:8083,found
e017310260ea,http://124.70.186.158:9981/,found
7b73d3433b36,http://124.70.186.158:9981/sub,found
a33aee1d091e,http://124.70.186.158:9981,found
0e5caa5528b8,http://124.70.186.158:9981/subscribe,found
37c73b04cda5,http://124.70.186.158:9981/link,found
3ddb9145a5f5,http://124.70.186.158:9981/s/,found
ad83fe61f7c7,http://124.70.186.158:9981/api/v1/client/subscribe,found
f3fc503dec3c,http://124.70.186.158:9981/api/sub,found
52373aeb79a4,http://124.70.186.158:9981/api/user/subscribe,found
76ede403138d,http://124.70.186.158:9981/sub.yaml,found
a8bd7c38211c,http://124.70.186.158:9981/config.yaml,found
fc5c23b1061e,http://129.146.140.147:80/,found
710a89dd666e,http://151.241.229.8:80/link,found
7c31127a3eb1,http://152.42.191.178:80,found
2c1f2ca1cabb,http://154.21.199.249:8090,found
7c493c9c0f21,http://154.21.199.249:8090/,found
022644e35ff2,http://154.21.92.132:80,found
282acf77417f,https://156.239.227.43:443,found
a86731ca412c,http://159.223.157.129:8080,found
0917361d9309,https://198.200.49.114:443/subscribe,found
63e30beefa9e,http://198.200.49.114:80,found
b6455a17bc0a,http://129.146.140.147:80,found
006f71e91884,http://8.130.186.22:12202,found
006f71e91884,http://8.130.186.22:12202/,found
